r_0,level,marginal,lower,upper,scale
ercot,0.9985656479933948,-6.894484982922222e-14,-inf,inf,1.0
ferc,0.9972635848679593,0.0,-inf,inf,1.0
