r_0,level,marginal,lower,upper,scale
ercot,1.0160111760369488,8.547636209943477e-10,0.0,inf,1.0
ferc,1.0303351029782752,2.220446049250313e-16,0.0,inf,1.0
