r_0,level,marginal,lower,upper,scale
ercot,0.7224395934031927,4.048284992647089e-08,0.0,1.0,1.0
ferc,0.8030650234238262,-9.71445146547012e-17,0.0,1.0,1.0
