r_0,level,marginal,lower,upper,scale
ercot,1.0014364123274404,1.7057466550340905e-12,-inf,inf,1.0
ferc,1.0027439236462274,0.0,-inf,inf,1.0
