r_0,level,marginal,lower,upper,scale
ercot,1.0322787098229027,-2.1992407894799726e-12,0.0,inf,1.0
ferc,1.0615904244292533,1.1102230246251565e-16,0.0,inf,1.0
