r_0,level,marginal,lower,upper,scale
ercot,0.9997929413463944,-2.220446049250313e-16,-inf,inf,1.0
ferc,0.9972763994637022,0.0,-inf,inf,1.0
