r_0,level,marginal,lower,upper,scale
ercot,1.0023267574081687,-1.4622303368128087e-11,0.0,inf,1.0
ferc,1.0301950780817577,-1.4432899320127035e-15,0.0,inf,1.0
