r_0,level,marginal,lower,upper,scale
ercot,0.4,-0.00438467357010756,0.4,0.4,1.0
ferc,0.8,-0.06410633192727477,0.8,0.8,1.0
