r_0,level,marginal,lower,upper,scale
ercot,1.0002071015357705,2.0408119638659628e-11,-inf,inf,1.0
ferc,1.0027310387950246,-2.220446049250313e-16,-inf,inf,1.0
