r_0,level,marginal,lower,upper,scale
ercot,1.0046589285869263,-7.327694007130958e-12,0.0,inf,1.0
ferc,1.061301898903879,0.0,0.0,inf,1.0
