r_0,level,marginal,lower,upper,scale
ercot,0.9993369816721199,-1.1102230246251565e-16,-inf,inf,1.0
ferc,0.998014418993645,-2.220446049250313e-16,-inf,inf,1.0
