r_0,level,marginal,lower,upper,scale
ercot,1.0193699078043783,-7.986833416850914e-12,0.0,inf,1.0
ferc,1.010193451697667,-1.021627227260069e-12,0.0,inf,1.0
