r_0,level,marginal,lower,upper,scale
ercot,0.2604533447364155,1.75522053488808e-12,0.0,1.0,1.0
ferc,0.7792776535914778,5.032674797733616e-12,0.0,1.0,1.0
