r_0,level,marginal,lower,upper,scale
ercot,1.0006634582128349,3.106404022901188e-13,-inf,inf,1.0
ferc,1.0019895313820786,2.2448709557920665e-13,-inf,inf,1.0
