r_0,level,marginal,lower,upper,scale
ercot,1.0391150089367636,-8.260059303211165e-14,0.0,inf,1.0
ferc,1.0204908098523113,-1.31117339208231e-13,0.0,inf,1.0
