r_0,level,marginal,lower,upper,scale
ercot,0.9984017913728949,-2.220446049250313e-16,-inf,inf,1.0
ferc,0.997788548610111,0.0,-inf,inf,1.0
