r_0,level,marginal,lower,upper,scale
ercot,1.0241254799272586,-2.273181642920008e-14,0.0,inf,1.0
ferc,1.0182854745542946,-4.030109579389318e-14,0.0,inf,1.0
