r_0,level,marginal,lower,upper,scale
ercot,0.6786915816159637,3.677613769070831e-15,0.0,1.0,1.0
ferc,0.794309153545979,1.91850008102179e-13,0.0,1.0,1.0
