r_0,level,marginal,lower,upper,scale
ercot,1.001600766986713,8.881784197001252e-16,-inf,inf,1.0
ferc,1.0022163527462502,6.661338147750939e-16,-inf,inf,1.0
