r_0,level,marginal,lower,upper,scale
ercot,1.0488329986362075,-7.105427357601002e-15,0.0,inf,1.0
ferc,1.0369053076882317,-8.104628079763643e-15,0.0,inf,1.0
