r_0,level,marginal,lower,upper,scale
ercot,0.9994996434893426,-9.325873406851315e-15,-inf,inf,1.0
ferc,0.998179938060194,-6.661338147750939e-15,-inf,inf,1.0
