r_0,level,marginal,lower,upper,scale
ercot,0.2577278774749906,3.3068712698702818e-12,0.0,1.0,1.0
ferc,0.7789314495984017,8.098370064824056e-12,0.0,1.0,1.0
