r_0,level,marginal,lower,upper,scale
ercot,1.0005006069926161,4.374278717023117e-13,-inf,inf,1.0
ferc,1.001823380605441,3.157474282033945e-13,-inf,inf,1.0
