r_0,level,marginal,lower,upper,scale
ercot,1.0046589286163738,0.0,0.0,inf,1.0
ferc,1.0613018989038787,0.0,0.0,inf,1.0
