r_0,level,marginal,lower,upper,scale
ercot,1.0,4.423544863740858e-17,0.0,inf,1.0
ferc,1.0,4.423544863740858e-17,0.0,inf,1.0
