r_0,level,marginal,lower,upper,scale
ercot,0.9997929408388558,-2.7755575615628914e-15,-inf,inf,1.0
ferc,0.9972763995153006,-2.3092638912203256e-14,-inf,inf,1.0
