r_0,level,marginal,lower,upper,scale
ercot,0.4000003722918443,9.623819970105973e-12,0.0,1.0,1.0
ferc,0.7999999992955898,2.1846763330682362e-11,0.0,1.0,1.0
