r_0,level,marginal,lower,upper,scale
ercot,1.0002071020435168,1.4277468096679513e-13,-inf,inf,1.0
ferc,1.0027310387431208,5.992983886926595e-13,-inf,inf,1.0
